<?xml version="1.0" encoding="UTF-8"?>
<project-private xmlns="http://www.netbeans.org/ns/project-private/1">
    <editor-bookmarks xmlns="http://www.netbeans.org/ns/editor-bookmarks/2" lastBookmarkId="0"/>
    <open-files xmlns="http://www.netbeans.org/ns/projectui-open-files/2">
        <group>
            <file>file:/C:/Users/lenovo/Documents/NetBeansProjects/work2/src/ClubFx/ViewclubController.java</file>
            <file>file:/C:/Users/lenovo/Documents/NetBeansProjects/work2/src/ClubFx/AddclubController.java</file>
            <file>file:/C:/Users/lenovo/Documents/NetBeansProjects/work2/src/eventFx/ListeEventController.java</file>
            <file>file:/C:/Users/lenovo/Documents/NetBeansProjects/work2/src/ClubFx/MonApplication.java</file>
            <file>file:/C:/Users/lenovo/Documents/NetBeansProjects/work2/src/Technique/EmailService.java</file>
            <file>file:/C:/Users/lenovo/Documents/NetBeansProjects/work2/src/Technique/DataSource.java</file>
            <file>file:/C:/Users/lenovo/Documents/NetBeansProjects/work2/src/eventFx/AddeventController.java</file>
            <file>file:/C:/Users/lenovo/Documents/NetBeansProjects/work2/src/service/MyService.java</file>
            <file>file:/C:/Users/lenovo/Documents/NetBeansProjects/work2/src/ClubFx/EditclubController.java</file>
            <file>file:/C:/Users/lenovo/Documents/NetBeansProjects/work2/src/eventFx/VieweventController.java</file>
            <file>file:/C:/Users/lenovo/Documents/NetBeansProjects/work2/src/service/PersonneService.java</file>
            <file>file:/C:/Users/lenovo/Documents/NetBeansProjects/work2/src/eventFx/EditeventController.java</file>
        </group>
    </open-files>
</project-private>
